<!--suppress XmlUnboundNsPrefix -->
<monitor>
    <name>SiebelEventsMonitor</name>
    <type>managed</type>
    <description>Siebel Events Monitor</description>
    <monitor-configuration/>
    <monitor-run-task>
        <execution-style>periodic</execution-style>
        <execution-frequency-in-seconds>60</execution-frequency-in-seconds>
        <name>Siebel Events Monitor Run task</name>
        <display-name>Siebel Events Monitor Run task</display-name>
        <description>Siebel Events Monitor Run task</description>
        <type>java</type>
        <execution-timeout-in-secs>60</execution-timeout-in-secs>
        <task-arguments>
            <argument name="config-file" is-required="true" default-value="monitors/SiebelEventsMonitor/config.yml" />
        </task-arguments>
        <java-task>
            <classpath>siebel-events-extension.jar</classpath>
            <impl-class>com.appdynamics.monitors.siebel.SiebelEventsMonitor</impl-class>
        </java-task>
    </monitor-run-task>
</monitor>